datum,kraj,pocet_nakazenych_per_capita,celkovy_pocet_nakazenych,celkovy_pocet_obyvatelov,prirastok
2021-03-19,Praha,0.12066281971771065,161095,1335084,0
2021-03-20,Praha,0.12114219030413068,161735,1335084,640
2021-03-21,Praha,0.12139086379583607,162067,1335084,332
2021-03-22,Praha,0.12204475523637465,162940,1335084,873
2021-03-23,Praha,0.12279302276111466,163939,1335084,999
2021-03-24,Praha,0.1233720125475251,164712,1335084,773
2021-03-25,Praha,0.1239689787309263,165509,1335084,797
2021-03-26,Praha,0.1245374822857588,166268,1335084,759
2021-03-27,Praha,0.1248977592421151,166749,1335084,481
2021-03-28,Praha,0.12506778599698595,166976,1335084,227
2021-03-29,Praha,0.12556138789769034,167635,1335084,659
2021-03-30,Praha,0.12611341308861465,168372,1335084,737
2021-03-31,Praha,0.12664371679984182,169080,1335084,708
2021-04-01,Praha,0.1269882644088312,169540,1335084,460
2021-04-02,Praha,0.12737625497721491,170058,1335084,518
2021-04-03,Praha,0.12757624239373702,170325,1335084,267
2021-04-04,Praha,0.12776349652905736,170575,1335084,250
2021-04-05,Praha,0.1279050606553595,170764,1335084,189
2021-04-06,Praha,0.12824361613201865,171216,1335084,452
2021-04-07,Praha,0.1287139985199433,171844,1335084,628
2021-04-08,Praha,0.12903307956652915,172270,1335084,426
2021-04-09,Praha,0.12935216061311497,172696,1335084,426
2021-04-10,Praha,0.12955289704617837,172964,1335084,268
2021-04-11,Praha,0.12966150444466415,173109,1335084,145
2021-04-12,Praha,0.12991691908524108,173450,1335084,341
2021-04-13,Praha,0.13023450209874435,173874,1335084,424
2021-04-14,Praha,0.13049366182202768,174220,1335084,346
2021-04-15,Praha,0.13069514727163234,174489,1335084,269
2021-04-16,Praha,0.13094007568063132,174816,1335084,327
2021-04-17,Praha,0.13108763193926376,175013,1335084,197
2021-04-18,Praha,0.13115054932873138,175097,1335084,84
2021-04-19,Praha,0.13134304657984067,175354,1335084,257
2021-04-20,Praha,0.13161643761740835,175719,1335084,365
2021-04-21,Praha,0.1318059388023525,175972,1335084,253
2021-04-22,Praha,0.13196173424293903,176180,1335084,208
2021-04-23,Praha,0.13213176099780988,176407,1335084,227
2021-04-24,Praha,0.1322553487271213,176572,1335084,165
2021-04-25,Praha,0.13232500726546045,176665,1335084,93
2021-04-26,Praha,0.13247331254063416,176863,1335084,198
2021-04-27,Praha,0.13269352340377086,177157,1335084,294
2021-04-28,Praha,0.13286130310901786,177381,1335084,224
2021-04-29,Praha,0.13303357691351256,177611,1335084,230
2021-04-30,Praha,0.1331841292383101,177812,1335084,201
2021-05-01,Praha,0.1332762582728877,177935,1335084,123
2021-05-02,Praha,0.13332943844731868,178006,1335084,71
2021-05-03,Praha,0.13351744159918028,178257,1335084,251
2021-05-04,Praha,0.13365376260969347,178439,1335084,182
2021-05-05,Praha,0.13376986017359208,178594,1335084,155
2021-05-06,Praha,0.13389569495252734,178762,1335084,168
2021-05-07,Praha,0.13402752186379285,178938,1335084,176
2021-05-08,Praha,0.13409867843521456,179033,1335084,95
2021-05-09,Praha,0.13413463122919606,179081,1335084,48
2021-05-10,Praha,0.13423050534648007,179209,1335084,128
2021-05-11,Praha,0.13434435586075483,179361,1335084,152
2021-05-12,Praha,0.13444772014345166,179499,1335084,138
2021-05-13,Praha,0.13452337081412105,179600,1335084,101
2021-05-14,Praha,0.1346065116502033,179711,1335084,111
2021-05-15,Praha,0.13466268789079938,179786,1335084,75
2021-05-16,Praha,0.13468440937049653,179815,1335084,29
2021-05-17,Praha,0.13477129528928516,179931,1335084,116
2021-05-18,Praha,0.13487166350581686,180065,1335084,134
2021-05-19,Praha,0.13493982401107346,180156,1335084,91
2021-05-20,Praha,0.13498776106971547,180220,1335084,64
2021-05-21,Praha,0.13504318829377027,180294,1335084,74
2021-05-22,Praha,0.13508588223662332,180351,1335084,57
2021-05-23,Praha,0.13510086256744894,180371,1335084,20
2021-05-24,Praha,0.1351510466757148,180438,1335084,67
2021-05-25,Praha,0.13520123078398064,180505,1335084,67
2021-05-26,Praha,0.13524766980954006,180567,1335084,62
2021-05-27,Praha,0.13528362260352159,180615,1335084,48
2021-05-28,Praha,0.1353225714636682,180667,1335084,52
2021-05-29,Praha,0.13534878704261305,180702,1335084,35
2021-05-30,Praha,0.1353675124561451,180727,1335084,25
2021-05-31,Praha,0.1353952260681725,180764,1335084,37
2021-06-01,Praha,0.1354349239448604,180817,1335084,53
2021-06-02,Praha,0.1354663826395942,180859,1335084,42
2021-06-03,Praha,0.13552480592981414,180937,1335084,78
2021-06-04,Praha,0.13555926069071308,180983,1335084,46
2021-06-05,Praha,0.13557948413732768,181010,1335084,27
2021-06-06,Praha,0.13559596250123587,181032,1335084,22
2021-06-07,Praha,0.13562142906363944,181066,1335084,34
2021-06-08,Praha,0.13566112694032734,181119,1335084,53
2021-06-09,Praha,0.13567985235385938,181144,1335084,25
2021-06-10,Praha,0.13569857776739142,181169,1335084,25
2021-06-11,Praha,0.135718801214006,181196,1335084,27
2021-06-12,Praha,0.13572853842904267,181209,1335084,13
2021-06-13,Praha,0.1357352795779142,181218,1335084,9
2021-06-14,Praha,0.1357472638425747,181234,1335084,16
2021-06-15,Praha,0.13577273040497825,181268,1335084,34
2021-06-16,Praha,0.13579445188467543,181297,1335084,29
2021-06-17,Praha,0.13583190271173948,181347,1335084,50
2021-03-19,Stredocesky,0.14463049634584338,202193,1397997,0
2021-03-20,Stredocesky,0.14526497553285164,203080,1397997,887
2021-03-21,Stredocesky,0.14550031223242968,203409,1397997,329
2021-03-22,Stredocesky,0.1463787118284231,204637,1397997,1228
2021-03-23,Stredocesky,0.14758257707276912,206320,1397997,1683
2021-03-24,Stredocesky,0.14843093368583768,207506,1397997,1186
2021-03-25,Stredocesky,0.14918916135013166,208566,1397997,1060
2021-03-26,Stredocesky,0.1500325107993794,209745,1397997,1179
2021-03-27,Stredocesky,0.1504531125603274,210333,1397997,588
2021-03-28,Stredocesky,0.15061763365729683,210563,1397997,230
2021-03-29,Stredocesky,0.1513007538642787,211518,1397997,955
2021-03-30,Stredocesky,0.15217343098733402,212738,1397997,1220
2021-03-31,Stredocesky,0.15278931213729358,213599,1397997,861
2021-04-01,Stredocesky,0.15325354775439431,214248,1397997,649
2021-04-02,Stredocesky,0.15359403489420936,214724,1397997,476
2021-04-03,Stredocesky,0.1538050510838006,215019,1397997,295
2021-04-04,Stredocesky,0.15399246207252232,215281,1397997,262
2021-04-05,Stredocesky,0.15415269131478823,215505,1397997,224
2021-04-06,Stredocesky,0.15467057511568336,216229,1397997,724
2021-04-07,Stredocesky,0.15530433899357438,217115,1397997,886
2021-04-08,Stredocesky,0.15567844566190056,217638,1397997,523
2021-04-09,Stredocesky,0.1560382461478816,218141,1397997,503
2021-04-10,Stredocesky,0.15623710208247943,218419,1397997,278
2021-04-11,Stredocesky,0.1563343841224266,218555,1397997,136
2021-04-12,Stredocesky,0.1566462588975513,218991,1397997,436
2021-04-13,Stredocesky,0.15703395643910537,219533,1397997,542
2021-04-14,Stredocesky,0.1573351015774712,219954,1397997,421
2021-04-15,Stredocesky,0.15759046693233247,220311,1397997,357
2021-04-16,Stredocesky,0.15784797821454552,220671,1397997,360
2021-04-17,Stredocesky,0.1579795950921211,220855,1397997,184
2021-04-18,Stredocesky,0.15804325760355709,220944,1397997,89
2021-04-19,Stredocesky,0.15829003924901128,221289,1397997,345
2021-04-20,Stredocesky,0.15860763649707402,221733,1397997,444
2021-04-21,Stredocesky,0.15879719341314752,221998,1397997,265
2021-04-22,Stredocesky,0.15902466171243573,222316,1397997,318
2021-04-23,Stredocesky,0.1592056349191021,222569,1397997,253
2021-04-24,Stredocesky,0.15933725179667768,222753,1397997,184
2021-04-25,Stredocesky,0.15940162961723095,222843,1397997,90
2021-04-26,Stredocesky,0.15964197348062978,223179,1397997,336
2021-04-27,Stredocesky,0.15987301832550427,223502,1397997,323
2021-04-28,Stredocesky,0.1600532762230534,223754,1397997,252
2021-04-29,Stredocesky,0.16021279015620205,223977,1397997,223
2021-04-30,Stredocesky,0.16038160310787505,224213,1397997,236
2021-05-01,Stredocesky,0.16046028711077348,224323,1397997,110
2021-05-02,Stredocesky,0.16050606689427802,224387,1397997,64
2021-05-03,Stredocesky,0.16070778406534492,224669,1397997,282
2021-05-04,Stredocesky,0.16090377876347375,224943,1397997,274
2021-05-05,Stredocesky,0.1610146516766488,225098,1397997,155
2021-05-06,Stredocesky,0.16113410829923097,225265,1397997,167
2021-05-07,Stredocesky,0.16125213430357863,225430,1397997,165
2021-05-08,Stredocesky,0.16131722743324914,225521,1397997,91
2021-05-09,Stredocesky,0.16134083263411866,225554,1397997,33
2021-05-10,Stredocesky,0.16142595441907243,225673,1397997,119
2021-05-11,Stredocesky,0.16156400907870333,225866,1397997,193
2021-05-12,Stredocesky,0.1616555686457124,225994,1397997,128
2021-05-13,Stredocesky,0.16175642723124584,226135,1397997,141
2021-05-14,Stredocesky,0.16184584087090315,226260,1397997,125
2021-05-15,Stredocesky,0.16189305127264222,226326,1397997,66
2021-05-16,Stredocesky,0.16190807276410465,226347,1397997,21
2021-05-17,Stredocesky,0.16199605578552745,226470,1397997,123
2021-05-18,Stredocesky,0.1620826081887157,226591,1397997,121
2021-05-19,Stredocesky,0.16212552673575123,226651,1397997,60
2021-05-20,Stredocesky,0.1621570003369106,226695,1397997,44
2021-05-21,Stredocesky,0.16220564135688417,226763,1397997,68
2021-05-22,Stredocesky,0.16222137815746385,226785,1397997,22
2021-05-23,Stredocesky,0.16222996186687097,226797,1397997,12
2021-05-24,Stredocesky,0.16228575597801712,226875,1397997,78
2021-05-25,Stredocesky,0.16231937550652828,226922,1397997,47
2021-05-26,Stredocesky,0.1623537103441567,226970,1397997,48
2021-05-27,Stredocesky,0.1623880451817851,227018,1397997,48
2021-05-28,Stredocesky,0.1624188034738272,227061,1397997,43
2021-05-29,Stredocesky,0.1624374015108759,227087,1397997,26
2021-05-30,Stredocesky,0.16244670052940027,227100,1397997,13
2021-05-31,Stredocesky,0.16249534154937387,227168,1397997,68
2021-06-01,Stredocesky,0.1625253845322987,227210,1397997,42
2021-06-02,Stredocesky,0.16255185096963728,227247,1397997,37
2021-06-03,Stredocesky,0.16257903271609309,227285,1397997,38
2021-06-04,Stredocesky,0.16259190828020376,227303,1397997,18
2021-06-05,Stredocesky,0.16260406853519715,227320,1397997,17
2021-06-06,Stredocesky,0.16262195126312862,227345,1397997,25
2021-06-07,Stredocesky,0.1626477023913499,227381,1397997,36
2021-06-08,Stredocesky,0.1626806066107438,227427,1397997,46
2021-06-09,Stredocesky,0.16269991995690977,227454,1397997,27
2021-06-10,Stredocesky,0.16271208021190317,227471,1397997,17
2021-06-11,Stredocesky,0.16272209453954478,227485,1397997,14
2021-06-12,Stredocesky,0.1627271017033656,227492,1397997,7
2021-06-13,Stredocesky,0.16273282417630366,227500,1397997,8
2021-06-14,Stredocesky,0.16275213752246964,227527,1397997,27
2021-06-15,Stredocesky,0.1627700202504011,227552,1397997,25
2021-06-16,Stredocesky,0.16278289581451177,227570,1397997,18
2021-06-17,Stredocesky,0.16280149385156048,227596,1397997,26
2021-03-19,Jihocesky,0.12751436949052988,82062,643551,0
2021-03-20,Jihocesky,0.12815301351408048,82473,643551,411
2021-03-21,Jihocesky,0.12826333888067923,82544,643551,71
2021-03-22,Jihocesky,0.12915992671909451,83121,643551,577
2021-03-23,Jihocesky,0.1306951585810604,84109,643551,988
2021-03-24,Jihocesky,0.13194136906010556,84911,643551,802
2021-03-25,Jihocesky,0.13309590071338556,85654,643551,743
2021-03-26,Jihocesky,0.13398627303818966,86227,643551,573
2021-03-27,Jihocesky,0.13433900343562516,86454,643551,227
2021-03-28,Jihocesky,0.13442602062618192,86510,643551,56
2021-03-29,Jihocesky,0.1350817573121633,86932,643551,422
2021-03-30,Jihocesky,0.13635749148086165,87753,643551,821
2021-03-31,Jihocesky,0.13724320217045735,88323,643551,570
2021-04-01,Jihocesky,0.1380248030070655,88826,643551,503
2021-04-02,Jihocesky,0.13849718204151654,89130,643551,304
2021-04-03,Jihocesky,0.13859041474568448,89190,643551,60
2021-04-04,Jihocesky,0.13876289524839522,89301,643551,111
2021-04-05,Jihocesky,0.13893692962950877,89413,643551,112
2021-04-06,Jihocesky,0.13964860593799092,89871,643551,458
2021-04-07,Jihocesky,0.14066795017022737,90527,643551,656
2021-04-08,Jihocesky,0.14139361138433473,90994,643551,467
2021-04-09,Jihocesky,0.14200273171823213,91386,643551,392
2021-04-10,Jihocesky,0.14220939754580444,91519,643551,133
2021-04-11,Jihocesky,0.14224979838427723,91545,643551,26
2021-04-12,Jihocesky,0.14255746630803154,91743,643551,198
2021-04-13,Jihocesky,0.14331575896859766,92231,643551,488
2021-04-14,Jihocesky,0.14375550655658992,92514,643551,283
2021-04-15,Jihocesky,0.14426984030791654,92845,643551,331
2021-04-16,Jihocesky,0.1446396633677828,93083,643551,238
2021-04-17,Jihocesky,0.14476552751840957,93164,643551,81
2021-04-18,Jihocesky,0.14481058999209076,93193,643551,29
2021-04-19,Jihocesky,0.14522081389042982,93457,643551,264
2021-04-20,Jihocesky,0.14572582437133966,93782,643551,325
2021-04-21,Jihocesky,0.14618577237856828,94078,643551,296
2021-04-22,Jihocesky,0.14662085833135213,94358,643551,280
2021-04-23,Jihocesky,0.1470031124184408,94604,643551,246
2021-04-24,Jihocesky,0.14709634512260877,94664,643551,60
2021-04-25,Jihocesky,0.14711809942024798,94678,643551,14
2021-04-26,Jihocesky,0.14738536650552947,94850,643551,172
2021-04-27,Jihocesky,0.1479230084328981,95196,643551,346
2021-04-28,Jihocesky,0.14829127761436156,95433,643551,237
2021-04-29,Jihocesky,0.14865177740381105,95665,643551,232
2021-04-30,Jihocesky,0.14888641304263375,95816,643551,151
2021-05-01,Jihocesky,0.1490386931261081,95914,643551,98
2021-05-02,Jihocesky,0.1491148331678453,95963,643551,49
2021-05-03,Jihocesky,0.14935257656347362,96116,643551,153
2021-05-04,Jihocesky,0.14974726167778465,96370,643551,254
2021-05-05,Jihocesky,0.15002229815508017,96547,643551,177
2021-05-06,Jihocesky,0.15026781094272249,96705,643551,158
2021-05-07,Jihocesky,0.15051176985196202,96862,643551,157
2021-05-08,Jihocesky,0.15056149396085158,96894,643551,32
2021-05-09,Jihocesky,0.1505708172312684,96900,643551,6
2021-05-10,Jihocesky,0.1507914679644659,97042,643551,142
2021-05-11,Jihocesky,0.1510633966849558,97217,643551,175
2021-05-12,Jihocesky,0.15121412289002736,97314,643551,97
2021-05-13,Jihocesky,0.1513710646087101,97415,643551,101
2021-05-14,Jihocesky,0.15149071324572566,97492,643551,77
2021-05-15,Jihocesky,0.15155131450343484,97531,643551,39
2021-05-16,Jihocesky,0.15155753001704605,97535,643551,4
2021-05-17,Jihocesky,0.151705148465312,97630,643551,95
2021-05-18,Jihocesky,0.15182635098073036,97708,643551,78
2021-05-19,Jihocesky,0.15192735307691232,97773,643551,65
2021-05-20,Jihocesky,0.15199727760503828,97818,643551,45
2021-05-21,Jihocesky,0.15210138745802587,97885,643551,67
2021-05-22,Jihocesky,0.15214023441809585,97910,643551,25
2021-05-23,Jihocesky,0.15214955768851265,97916,643551,6
2021-05-24,Jihocesky,0.15220394343261062,97951,643551,35
2021-05-25,Jihocesky,0.152309607164001,98019,643551,68
2021-05-26,Jihocesky,0.15236554678650177,98055,643551,36
2021-05-27,Jihocesky,0.15243547131462776,98100,643551,45
2021-05-28,Jihocesky,0.1525302578971985,98161,643551,61
2021-05-29,Jihocesky,0.15254424280282372,98170,643551,9
2021-05-30,Jihocesky,0.1525535660732405,98176,643551,6
2021-05-31,Jihocesky,0.15260950569574128,98212,643551,36
2021-06-01,Jihocesky,0.15266078368303368,98245,643551,33
2021-06-02,Jihocesky,0.15271206167032605,98278,643551,33
2021-06-03,Jihocesky,0.15283637194255,98358,643551,80
2021-06-04,Jihocesky,0.1528860960514396,98390,643551,32
2021-06-05,Jihocesky,0.15291251198428718,98407,643551,17
2021-06-06,Jihocesky,0.15291561974109277,98409,643551,2
2021-06-07,Jihocesky,0.15294825118755156,98430,643551,21
2021-06-08,Jihocesky,0.15303993001331673,98489,643551,59
2021-06-09,Jihocesky,0.15308654636540073,98519,643551,30
2021-06-10,Jihocesky,0.15311917781185952,98540,643551,21
2021-06-11,Jihocesky,0.1531657941639435,98570,643551,30
2021-06-12,Jihocesky,0.15317667131276308,98577,643551,7
2021-06-13,Jihocesky,0.15317667131276308,98577,643551,0
2021-06-14,Jihocesky,0.1532030872456107,98594,643551,17
2021-06-15,Jihocesky,0.15324193420568066,98619,643551,25
2021-06-16,Jihocesky,0.15326368850331987,98633,643551,14
2021-06-17,Jihocesky,0.15329165831457026,98651,643551,18
2021-03-19,Plzensky,0.1501131055205984,88723,591041,0
2021-03-20,Plzensky,0.15044303187088542,88918,591041,195
2021-03-21,Plzensky,0.1507052810211136,89073,591041,155
2021-03-22,Plzensky,0.15151740742182015,89553,591041,480
2021-03-23,Plzensky,0.1524378173426209,90097,591041,544
2021-03-24,Plzensky,0.15339375779345257,90662,591041,565
2021-03-25,Plzensky,0.15400623645398542,91024,591041,362
2021-03-26,Plzensky,0.15480313548467872,91495,591041,471
2021-03-27,Plzensky,0.15500616708485537,91615,591041,120
2021-03-28,Plzensky,0.15514321341497458,91696,591041,81
2021-03-29,Plzensky,0.15573031312548538,92043,591041,347
2021-03-30,Plzensky,0.15638847389605798,92432,591041,389
2021-03-31,Plzensky,0.15698910904658053,92787,591041,355
2021-04-01,Plzensky,0.1575288347170501,93106,591041,319
2021-04-02,Plzensky,0.15780123544728708,93267,591041,161
2021-04-03,Plzensky,0.15788075615735625,93314,591041,47
2021-04-04,Plzensky,0.1580059589774652,93388,591041,74
2021-04-05,Plzensky,0.15806010073751228,93420,591041,32
2021-04-06,Plzensky,0.15849323481788913,93676,591041,256
2021-04-07,Plzensky,0.15894498012828212,93943,591041,267
2021-04-08,Plzensky,0.15929013384858243,94147,591041,204
2021-04-09,Plzensky,0.1596116005488621,94337,591041,190
2021-04-10,Plzensky,0.15970973248894746,94395,591041,58
2021-04-11,Plzensky,0.159768950038999,94430,591041,35
2021-04-12,Plzensky,0.1600751893692654,94611,591041,181
2021-04-13,Plzensky,0.16033743851949356,94766,591041,155
2021-04-14,Plzensky,0.16049478800963046,94859,591041,93
2021-04-15,Plzensky,0.16065890521977325,94956,591041,97
2021-04-16,Plzensky,0.16087716418996315,95085,591041,129
2021-04-17,Plzensky,0.16094653332002348,95126,591041,41
2021-04-18,Plzensky,0.16098375578005586,95148,591041,22
2021-04-19,Plzensky,0.1612104744002531,95282,591041,134
2021-04-20,Plzensky,0.16142704144044154,95410,591041,128
2021-04-21,Plzensky,0.16161315374060345,95520,591041,110
2021-04-22,Plzensky,0.16174512428071824,95598,591041,78
2021-04-23,Plzensky,0.16190078184085369,95690,591041,92
2021-04-24,Plzensky,0.16198199448092435,95738,591041,48
2021-04-25,Plzensky,0.16201583308095377,95758,591041,20
2021-04-26,Plzensky,0.16223240012114218,95886,591041,128
2021-04-27,Plzensky,0.1624117447012982,95992,591041,106
2021-04-28,Plzensky,0.16258770542145132,96096,591041,104
2021-04-29,Plzensky,0.16269260508154257,96158,591041,62
2021-04-30,Plzensky,0.16281273211164707,96229,591041,71
2021-05-01,Plzensky,0.16286687387169418,96261,591041,32
2021-05-02,Plzensky,0.1628888689617133,96274,591041,13
2021-05-03,Plzensky,0.1629802331817928,96328,591041,54
2021-05-04,Plzensky,0.16314773425193854,96427,591041,99
2021-05-05,Plzensky,0.16325940163203567,96493,591041,66
2021-05-06,Plzensky,0.16335414971211812,96549,591041,56
2021-05-07,Plzensky,0.16346750902221674,96616,591041,67
2021-05-08,Plzensky,0.1634861202522329,96627,591041,11
2021-05-09,Plzensky,0.1635182669222609,96646,591041,19
2021-05-10,Plzensky,0.16361470693234478,96703,591041,57
2021-05-11,Plzensky,0.1636874599224081,96746,591041,43
2021-05-12,Plzensky,0.1637602129124714,96789,591041,43
2021-05-13,Plzensky,0.16381097081251556,96819,591041,30
2021-05-14,Plzensky,0.1638566529225553,96846,591041,27
2021-05-15,Plzensky,0.16387188029256852,96855,591041,9
2021-05-16,Plzensky,0.16388710766258177,96864,591041,9
2021-05-17,Plzensky,0.16396662837265097,96911,591041,47
2021-05-18,Plzensky,0.1640376894327128,96953,591041,42
2021-05-19,Plzensky,0.16408675540275547,96982,591041,29
2021-05-20,Plzensky,0.16413243751279522,97009,591041,27
2021-05-21,Plzensky,0.164174735762832,97034,591041,25
2021-05-22,Plzensky,0.1641882712028438,97042,591041,8
2021-05-23,Plzensky,0.16420688243286,97053,591041,11
2021-05-24,Plzensky,0.16427794349292182,97095,591041,42
2021-05-25,Plzensky,0.16433546911297187,97129,591041,34
2021-05-26,Plzensky,0.16437099964300278,97150,591041,21
2021-05-27,Plzensky,0.16441329789303957,97175,591041,25
2021-05-28,Plzensky,0.1644522122830734,97198,591041,23
2021-05-29,Plzensky,0.16446913158308815,97208,591041,10
2021-05-30,Plzensky,0.16447082351308961,97209,591041,1
2021-05-31,Plzensky,0.164508045973122,97231,591041,22
2021-06-01,Plzensky,0.16457233931317794,97269,591041,38
2021-06-02,Plzensky,0.16460110212320295,97286,591041,17
2021-06-03,Plzensky,0.16464340037323977,97311,591041,25
2021-06-04,Plzensky,0.16469077441328098,97339,591041,28
2021-06-05,Plzensky,0.16469923406328835,97344,591041,5
2021-06-06,Plzensky,0.16470938564329718,97350,591041,6
2021-06-07,Plzensky,0.16474830003333102,97373,591041,23
2021-06-08,Plzensky,0.16478890635336635,97397,591041,24
2021-06-09,Plzensky,0.16482612881339873,97419,591041,22
2021-06-10,Plzensky,0.16484474004341493,97430,591041,11
2021-06-11,Plzensky,0.16487350285343993,97447,591041,17
2021-06-12,Plzensky,0.16487857864344435,97450,591041,3
2021-06-13,Plzensky,0.16487857864344435,97450,591041,0
2021-06-14,Plzensky,0.16489718987346055,97461,591041,11
2021-06-15,Plzensky,0.1649259526834856,97478,591041,17
2021-06-16,Plzensky,0.16493441233349293,97483,591041,5
2021-06-17,Plzensky,0.16494456391350176,97489,591041,6
2021-03-19,Karlovarsky,0.14673162615790067,43038,293311,0
2021-03-20,Karlovarsky,0.14719870717429623,43175,293311,137
2021-03-21,Karlovarsky,0.147266894183989,43195,293311,20
2021-03-22,Karlovarsky,0.14745099911015952,43249,293311,54
2021-03-23,Karlovarsky,0.1478157996120159,43356,293311,107
2021-03-24,Karlovarsky,0.14833061153519642,43507,293311,151
2021-03-25,Karlovarsky,0.14845334815264344,43543,293311,36
2021-03-26,Karlovarsky,0.14884542345837695,43658,293311,115
2021-03-27,Karlovarsky,0.14893065722049292,43683,293311,25
2021-03-28,Karlovarsky,0.14897838812727787,43697,293311,14
2021-03-29,Karlovarsky,0.1491454463010252,43746,293311,49
2021-03-30,Karlovarsky,0.14943865044270416,43832,293311,86
2021-03-31,Karlovarsky,0.14987163795425335,43959,293311,127
2021-04-01,Karlovarsky,0.14993300626297684,43977,293311,18
2021-04-02,Karlovarsky,0.15020575430174798,44057,293311,80
2021-04-03,Karlovarsky,0.15021257300271726,44059,293311,2
2021-04-04,Karlovarsky,0.15022280105417116,44062,293311,3
2021-04-05,Karlovarsky,0.1503216722182257,44091,293311,29
2021-04-06,Karlovarsky,0.15037963117646458,44108,293311,17
2021-04-07,Karlovarsky,0.1506421511637818,44185,293311,77
2021-04-08,Karlovarsky,0.15083989349189086,44243,293311,58
2021-04-09,Karlovarsky,0.15108536672678488,44315,293311,72
2021-04-10,Karlovarsky,0.15110241347920808,44320,293311,5
2021-04-11,Karlovarsky,0.15114673503550838,44333,293311,13
2021-04-12,Karlovarsky,0.15130015580731715,44378,293311,45
2021-04-13,Karlovarsky,0.15153199164027262,44446,293311,68
2021-04-14,Karlovarsky,0.15156608514511902,44456,293311,10
2021-04-15,Karlovarsky,0.15166495630917354,44485,293311,29
2021-04-16,Karlovarsky,0.15179110227710518,44522,293311,37
2021-04-17,Karlovarsky,0.1518013303285591,44525,293311,3
2021-04-18,Karlovarsky,0.15183883318389013,44536,293311,11
2021-04-19,Karlovarsky,0.15198543525472963,44579,293311,43
2021-04-20,Karlovarsky,0.15202293811006065,44590,293311,11
2021-04-21,Karlovarsky,0.15215590277896157,44629,293311,39
2021-04-22,Karlovarsky,0.15217294953138477,44634,293311,5
2021-04-23,Karlovarsky,0.15223090848962365,44651,293311,17
2021-04-24,Karlovarsky,0.15228886744786252,44668,293311,17
2021-04-25,Karlovarsky,0.1522956861488318,44670,293311,2
2021-04-26,Karlovarsky,0.15237751056046311,44694,293311,24
2021-04-27,Karlovarsky,0.15239455731288631,44699,293311,5
2021-04-28,Karlovarsky,0.15253775003324116,44741,293311,42
2021-04-29,Karlovarsky,0.1525684341876029,44750,293311,9
2021-04-30,Karlovarsky,0.15262298379535716,44766,293311,16
2021-05-01,Karlovarsky,0.15271162690795775,44792,293311,26
2021-05-02,Karlovarsky,0.15271162690795775,44792,293311,0
2021-05-03,Karlovarsky,0.15273890171183488,44800,293311,8
2021-05-04,Karlovarsky,0.15282413547395085,44825,293311,25
2021-05-05,Karlovarsky,0.1529230066380054,44854,293311,29
2021-05-06,Karlovarsky,0.1529502814418825,44862,293311,8
2021-05-07,Karlovarsky,0.15299460299818282,44875,293311,13
2021-05-08,Karlovarsky,0.15303210585351384,44886,293311,11
2021-05-09,Karlovarsky,0.15303892455448312,44888,293311,2
2021-05-10,Karlovarsky,0.15312756766708374,44914,293311,26
2021-05-11,Karlovarsky,0.15315484247096087,44922,293311,8
2021-05-12,Karlovarsky,0.15322302948065364,44942,293311,20
2021-05-13,Karlovarsky,0.1532639416864693,44954,293311,12
2021-05-14,Karlovarsky,0.1532878071398618,44961,293311,7
2021-05-15,Karlovarsky,0.153342356747616,44977,293311,16
2021-05-16,Karlovarsky,0.153342356747616,44977,293311,0
2021-05-17,Karlovarsky,0.1533934970048856,44992,293311,15
2021-05-18,Karlovarsky,0.15346168401457838,45012,293311,20
2021-05-19,Karlovarsky,0.1534719120660323,45015,293311,3
2021-05-20,Karlovarsky,0.15347532141651693,45016,293311,1
2021-05-21,Karlovarsky,0.15349236816894013,45021,293311,5
2021-05-22,Karlovarsky,0.15349236816894013,45021,293311,0
2021-05-23,Karlovarsky,0.15349236816894013,45021,293311,0
2021-05-24,Karlovarsky,0.15350259622039406,45024,293311,3
2021-05-25,Karlovarsky,0.15350941492136333,45026,293311,2
2021-05-26,Karlovarsky,0.15351964297281726,45029,293311,3
2021-05-27,Karlovarsky,0.1535332803747558,45033,293311,4
2021-05-28,Karlovarsky,0.15355714582814828,45040,293311,7
2021-05-29,Karlovarsky,0.15355714582814828,45040,293311,0
2021-05-30,Karlovarsky,0.15355714582814828,45040,293311,0
2021-05-31,Karlovarsky,0.15356055517863293,45041,293311,1
2021-06-01,Karlovarsky,0.15356396452911755,45042,293311,1
2021-06-02,Karlovarsky,0.15357419258057148,45045,293311,3
2021-06-03,Karlovarsky,0.15357419258057148,45045,293311,0
2021-06-04,Karlovarsky,0.15358101128154075,45047,293311,2
2021-06-05,Karlovarsky,0.1535844206320254,45048,293311,1
2021-06-06,Karlovarsky,0.15359123933299468,45050,293311,2
2021-06-07,Karlovarsky,0.15360828608541788,45055,293311,5
2021-06-08,Karlovarsky,0.15360828608541788,45055,293311,0
2021-06-09,Karlovarsky,0.15362192348735643,45059,293311,4
2021-06-10,Karlovarsky,0.15363556088929498,45063,293311,4
2021-06-11,Karlovarsky,0.15364237959026425,45065,293311,2
2021-06-12,Karlovarsky,0.15364237959026425,45065,293311,0
2021-06-13,Karlovarsky,0.1536457889407489,45066,293311,1
2021-06-14,Karlovarsky,0.15364919829123352,45067,293311,1
2021-06-15,Karlovarsky,0.15365942634268745,45070,293311,3
2021-06-16,Karlovarsky,0.1536628356931721,45071,293311,1
2021-06-17,Karlovarsky,0.1536628356931721,45071,293311,0
2021-03-19,Ustecky,0.12551468536261756,102546,817004,0
2021-03-20,Ustecky,0.12627477956044278,103167,817004,621
2021-03-21,Ustecky,0.12661259920392068,103443,817004,276
2021-03-22,Ustecky,0.12749509182329585,104164,817004,721
2021-03-23,Ustecky,0.12892837733964582,105335,817004,1171
2021-03-24,Ustecky,0.13005689078633642,106257,817004,922
2021-03-25,Ustecky,0.13110094932215755,107110,817004,853
2021-03-26,Ustecky,0.13210094442622067,107927,817004,817
2021-03-27,Ustecky,0.13257707428605,108316,817004,389
2021-03-28,Ustecky,0.1329026540873729,108582,817004,266
2021-03-29,Ustecky,0.1336627482851981,109203,817004,621
2021-03-30,Ustecky,0.1347900377476732,110124,817004,921
2021-03-31,Ustecky,0.1356211230299974,110803,817004,679
2021-04-01,Ustecky,0.13625147490097966,111318,817004,515
2021-04-02,Ustecky,0.13671903687130052,111700,817004,382
2021-04-03,Ustecky,0.13711805572555336,112026,817004,326
2021-04-04,Ustecky,0.1373359249159123,112204,817004,178
2021-04-05,Ustecky,0.13751707457980622,112352,817004,148
2021-04-06,Ustecky,0.13822086550371845,112927,817004,575
2021-04-07,Ustecky,0.13902012719643966,113580,817004,653
2021-04-08,Ustecky,0.13966149492536145,114104,817004,524
2021-04-09,Ustecky,0.14023187156978423,114570,817004,466
2021-04-10,Ustecky,0.14048523630239265,114777,817004,207
2021-04-11,Ustecky,0.14064435425040758,114907,817004,130
2021-04-12,Ustecky,0.1411461877787624,115317,817004,410
2021-04-13,Ustecky,0.14176062785494317,115819,817004,502
2021-04-14,Ustecky,0.14220003818830754,116178,817004,359
2021-04-15,Ustecky,0.1425978330583449,116503,817004,325
2021-04-16,Ustecky,0.14301521167583023,116844,817004,341
2021-04-17,Ustecky,0.14318901743443116,116986,817004,142
2021-04-18,Ustecky,0.14329550406117963,117073,817004,87
2021-04-19,Ustecky,0.14367738713641548,117385,817004,312
2021-04-20,Ustecky,0.14411924543821084,117746,817004,361
2021-04-21,Ustecky,0.1444742008607057,118036,817004,290
2021-04-22,Ustecky,0.1447422534039001,118255,817004,219
2021-04-23,Ustecky,0.1450519214104215,118508,817004,253
2021-04-24,Ustecky,0.14517921576883344,118612,817004,104
2021-04-25,Ustecky,0.14532486989047788,118731,817004,119
2021-04-26,Ustecky,0.1455794586073018,118939,817004,208
2021-04-27,Ustecky,0.14597235754047716,119260,817004,321
2021-04-28,Ustecky,0.14629304140493804,119522,817004,262
2021-04-29,Ustecky,0.14655619801127046,119737,817004,215
2021-04-30,Ustecky,0.14686586601779184,119990,817004,253
2021-05-01,Ustecky,0.1470176400605138,120114,817004,124
2021-05-02,Ustecky,0.14707639130285777,120162,817004,48
2021-05-03,Ustecky,0.14736035564085365,120394,817004,232
2021-05-04,Ustecky,0.14766757567894404,120645,817004,251
2021-05-05,Ustecky,0.14786953307450146,120810,817004,165
2021-05-06,Ustecky,0.14805435469104192,120961,817004,151
2021-05-07,Ustecky,0.14820245678111735,121082,817004,121
2021-05-08,Ustecky,0.1482954795814953,121158,817004,76
2021-05-09,Ustecky,0.1483199592658053,121178,817004,20
2021-05-10,Ustecky,0.14850110892969925,121326,817004,148
2021-05-11,Ustecky,0.1486320752407577,121433,817004,107
2021-05-12,Ustecky,0.14877895334661764,121553,817004,120
2021-05-13,Ustecky,0.1488842159891506,121639,817004,86
2021-05-14,Ustecky,0.14901518230020905,121746,817004,107
2021-05-15,Ustecky,0.14906781362147553,121789,817004,43
2021-05-16,Ustecky,0.14909351729000103,121810,817004,21
2021-05-17,Ustecky,0.14921836367998198,121912,817004,102
2021-05-18,Ustecky,0.14931505843300644,121991,817004,79
2021-05-19,Ustecky,0.1493848255332899,122048,817004,57
2021-05-20,Ustecky,0.1494411288072029,122094,817004,46
2021-05-21,Ustecky,0.1494913121600384,122135,817004,41
2021-05-22,Ustecky,0.14950844793905538,122149,817004,14
2021-05-23,Ustecky,0.14953292762336537,122169,817004,20
2021-05-24,Ustecky,0.14961371058158834,122235,817004,66
2021-05-25,Ustecky,0.14967735776079433,122287,817004,52
2021-05-26,Ustecky,0.1497275411136298,122328,817004,41
2021-05-27,Ustecky,0.14977282852960327,122365,817004,37
2021-05-28,Ustecky,0.14982668383508527,122409,817004,44
2021-05-29,Ustecky,0.14984626758253325,122425,817004,16
2021-05-30,Ustecky,0.14984871555096427,122427,817004,2
2021-05-31,Ustecky,0.14990379484066174,122472,817004,45
2021-06-01,Ustecky,0.1499466342882042,122507,817004,35
2021-06-02,Ustecky,0.14996988998829872,122526,817004,19
2021-06-03,Ustecky,0.14999192170417772,122544,817004,18
2021-06-04,Ustecky,0.1500115054516257,122560,817004,16
2021-06-05,Ustecky,0.1500372091201512,122581,817004,21
2021-06-06,Ustecky,0.15003843310436668,122582,817004,1
2021-06-07,Ustecky,0.15006291278867667,122602,817004,20
2021-06-08,Ustecky,0.15009351239406415,122627,817004,25
2021-06-09,Ustecky,0.15010942418886566,122640,817004,13
2021-06-10,Ustecky,0.15012655996788266,122654,817004,14
2021-06-11,Ustecky,0.15013512785739114,122661,817004,7
2021-06-12,Ustecky,0.15013635184160665,122662,817004,1
2021-06-13,Ustecky,0.15013757582582216,122663,817004,1
2021-06-14,Ustecky,0.15015226363640816,122675,817004,12
2021-06-15,Ustecky,0.15016205551013215,122683,817004,8
2021-06-16,Ustecky,0.15017062339964063,122690,817004,7
2021-06-17,Ustecky,0.15017674332071815,122695,817004,5
2021-03-19,Liberecky,0.16090138222186062,71195,442476,0
2021-03-20,Liberecky,0.16197714678310235,71671,442476,476
2021-03-21,Liberecky,0.16223478787550058,71785,442476,114
2021-03-22,Liberecky,0.16347779314584293,72335,442476,550
2021-03-23,Liberecky,0.16470045832994332,72876,442476,541
2021-03-24,Liberecky,0.16577396288160262,73351,442476,475
2021-03-25,Liberecky,0.16660338639835834,73718,442476,367
2021-03-26,Liberecky,0.1674079498097072,74074,442476,356
2021-03-27,Liberecky,0.16778763141955721,74242,442476,168
2021-03-28,Liberecky,0.1679752122148998,74325,442476,83
2021-03-29,Liberecky,0.16882949583706236,74703,442476,378
2021-03-30,Liberecky,0.16968377945922491,75081,442476,378
2021-03-31,Liberecky,0.17033692222855024,75370,442476,289
2021-04-01,Liberecky,0.17105560527576638,75688,442476,318
2021-04-02,Liberecky,0.1713403664831539,75814,442476,126
2021-04-03,Liberecky,0.17154828736473843,75906,442476,92
2021-04-04,Liberecky,0.17181496849546643,76024,442476,118
2021-04-05,Liberecky,0.17188954881168697,76057,442476,33
2021-04-06,Liberecky,0.17249523137978104,76325,442476,268
2021-04-07,Liberecky,0.17310769397662246,76596,442476,271
2021-04-08,Liberecky,0.173715636554299,76865,442476,269
2021-04-09,Liberecky,0.17416311845162225,77063,442476,198
2021-04-10,Liberecky,0.17427837894032672,77114,442476,51
2021-04-11,Liberecky,0.17438459939070142,77161,442476,47
2021-04-12,Liberecky,0.17485920140301395,77371,442476,210
2021-04-13,Liberecky,0.17524792305119374,77543,442476,172
2021-04-14,Liberecky,0.17549426409567975,77652,442476,109
2021-04-15,Liberecky,0.1758129254468039,77793,442476,141
2021-04-16,Liberecky,0.176075086558367,77909,442476,116
2021-04-17,Liberecky,0.17613158679792804,77934,442476,25
2021-04-18,Liberecky,0.17620390710456613,77966,442476,32
2021-04-19,Liberecky,0.17653160849402003,78111,442476,145
2021-04-20,Liberecky,0.1768321897684846,78244,442476,133
2021-04-21,Liberecky,0.17706949077464088,78349,442476,105
2021-04-22,Liberecky,0.17727515164664298,78440,442476,91
2021-04-23,Liberecky,0.17750793263363437,78543,442476,103
2021-04-24,Liberecky,0.1775757329211076,78573,442476,30
2021-04-25,Liberecky,0.17764127319899836,78602,442476,29
2021-04-26,Liberecky,0.17790795432972636,78720,442476,118
2021-04-27,Liberecky,0.1781271752592231,78817,442476,97
2021-04-28,Liberecky,0.1782876359395764,78888,442476,71
2021-04-29,Liberecky,0.17845939666784189,78964,442476,76
2021-04-30,Liberecky,0.17864245744401958,79045,442476,81
2021-05-01,Liberecky,0.17865149748234932,79049,442476,4
2021-05-02,Liberecky,0.17871929776982254,79079,442476,30
2021-05-03,Liberecky,0.17896789882389103,79189,442476,110
2021-05-04,Liberecky,0.17914869959048627,79269,442476,80
2021-05-05,Liberecky,0.1792730001175205,79324,442476,55
2021-05-06,Liberecky,0.17941990074037914,79389,442476,65
2021-05-07,Liberecky,0.17954194125783093,79443,442476,54
2021-05-08,Liberecky,0.17956906137282022,79455,442476,12
2021-05-09,Liberecky,0.17960296151655683,79470,442476,15
2021-05-10,Liberecky,0.17975890217774523,79539,442476,69
2021-05-11,Liberecky,0.17992162286768096,79611,442476,72
2021-05-12,Liberecky,0.18001654327014346,79653,442476,42
2021-05-13,Liberecky,0.180091123586364,79686,442476,33
2021-05-14,Liberecky,0.18020864408465093,79738,442476,52
2021-05-15,Liberecky,0.1802357641996402,79750,442476,12
2021-05-16,Liberecky,0.1802628843146295,79762,442476,12
2021-05-17,Liberecky,0.18040074489915836,79823,442476,61
2021-05-18,Liberecky,0.18048662526329112,79861,442476,38
2021-05-19,Liberecky,0.18057250562742386,79899,442476,38
2021-05-20,Liberecky,0.18067646606821613,79945,442476,46
2021-05-21,Liberecky,0.18077138647067864,79987,442476,42
2021-05-22,Liberecky,0.18080754662399767,80003,442476,16
2021-05-23,Liberecky,0.18083466673898696,80015,442476,12
2021-05-24,Liberecky,0.18091602708395482,80051,442476,36
2021-05-25,Liberecky,0.1809928674097578,80085,442476,34
2021-05-26,Liberecky,0.18104258762057152,80107,442476,22
2021-05-27,Liberecky,0.18109004782180277,80128,442476,21
2021-05-28,Liberecky,0.1811420280421989,80151,442476,23
2021-05-29,Liberecky,0.18116688814760576,80162,442476,11
2021-05-30,Liberecky,0.18118270821468282,80169,442476,7
2021-05-31,Liberecky,0.1812640685596507,80205,442476,36
2021-06-01,Liberecky,0.18135220893336587,80244,442476,39
2021-06-02,Liberecky,0.18139514911543225,80263,442476,19
2021-06-03,Liberecky,0.1814426093166635,80284,442476,21
2021-06-04,Liberecky,0.1815036295753894,80311,442476,27
2021-06-05,Liberecky,0.18150814959455427,80313,442476,2
2021-06-06,Liberecky,0.18154204973829088,80328,442476,15
2021-06-07,Liberecky,0.18157820989160994,80344,442476,16
2021-06-08,Liberecky,0.18161889006409387,80362,442476,18
2021-06-09,Liberecky,0.18166635026532513,80383,442476,21
2021-06-10,Liberecky,0.18171833048572125,80406,442476,23
2021-06-11,Liberecky,0.18173415055279835,80413,442476,7
2021-06-12,Liberecky,0.18173415055279835,80413,442476,0
2021-06-13,Liberecky,0.18174093058154567,80416,442476,3
2021-06-14,Liberecky,0.18178387076361205,80435,442476,19
2021-06-15,Liberecky,0.18182229092651353,80452,442476,17
2021-06-16,Liberecky,0.18184037100317305,80460,442476,8
2021-06-17,Liberecky,0.18184715103192037,80463,442476,3
2021-03-19,Kralovehradecky,0.1798610392463367,99068,550803,0
2021-03-20,Kralovehradecky,0.1802786114091608,99298,550803,230
2021-03-21,Kralovehradecky,0.18053097023799797,99437,550803,139
2021-03-22,Kralovehradecky,0.18109923148566728,99750,550803,313
2021-03-23,Kralovehradecky,0.1817619003527577,100115,550803,365
2021-03-24,Kralovehradecky,0.1822502782301476,100384,550803,269
2021-03-25,Kralovehradecky,0.1826678503929717,100614,550803,230
2021-03-26,Kralovehradecky,0.18310720892950838,100856,550803,242
2021-03-27,Kralovehradecky,0.18335956775834555,100995,550803,139
2021-03-28,Kralovehradecky,0.18351207237433348,101079,550803,84
2021-03-29,Kralovehradecky,0.18396777069115455,101330,550803,251
2021-03-30,Kralovehradecky,0.18438352732283594,101559,550803,229
2021-03-31,Kralovehradecky,0.18471032292852435,101739,550803,180
2021-04-01,Kralovehradecky,0.18496268175736152,101878,550803,139
2021-04-02,Kralovehradecky,0.18514241934049017,101977,550803,99
2021-04-03,Kralovehradecky,0.18528039970733637,102053,550803,76
2021-04-04,Kralovehradecky,0.18539477816932734,102116,550803,63
2021-04-05,Kralovehradecky,0.18553457406731627,102193,550803,77
2021-04-06,Kralovehradecky,0.18577785524043985,102327,550803,134
2021-04-07,Kralovehradecky,0.18602113641356346,102461,550803,134
2021-04-08,Kralovehradecky,0.18625715546211621,102591,550803,130
2021-04-09,Kralovehradecky,0.186404213484676,102672,550803,81
2021-04-10,Kralovehradecky,0.18651314535323882,102732,550803,60
2021-04-11,Kralovehradecky,0.1866184461595162,102790,550803,58
2021-04-12,Kralovehradecky,0.18670196059208102,102836,550803,46
2021-04-13,Kralovehradecky,0.18689259136206593,102941,550803,105
2021-04-14,Kralovehradecky,0.18705780469605285,103032,550803,91
2021-04-15,Kralovehradecky,0.18717944528261465,103099,550803,67
2021-04-16,Kralovehradecky,0.18727022183975034,103149,550803,50
2021-04-17,Kralovehradecky,0.1873464741477443,103191,550803,42
2021-04-18,Kralovehradecky,0.18742454198688097,103234,550803,43
2021-04-19,Kralovehradecky,0.1875080564194458,103280,550803,46
2021-04-20,Kralovehradecky,0.18763695913057846,103351,550803,71
2021-04-21,Kralovehradecky,0.18772773568771411,103401,550803,50
2021-04-22,Kralovehradecky,0.1878058035268508,103444,550803,43
2021-04-23,Kralovehradecky,0.1878729781791312,103481,550803,37
2021-04-24,Kralovehradecky,0.187943783893697,103520,550803,39
2021-04-25,Kralovehradecky,0.18798372557883672,103542,550803,22
2021-04-26,Kralovehradecky,0.1880890263851141,103600,550803,58
2021-04-27,Kralovehradecky,0.1881689097553935,103644,550803,44
2021-04-28,Kralovehradecky,0.1882669484371,103698,550803,54
2021-04-29,Kralovehradecky,0.18836861818109196,103754,550803,56
2021-04-30,Kralovehradecky,0.18844305495794322,103795,550803,41
2021-05-01,Kralovehradecky,0.18851386067250905,103834,550803,39
2021-05-02,Kralovehradecky,0.18854109363964974,103849,550803,15
2021-05-03,Kralovehradecky,0.18859192851164572,103877,550803,28
2021-05-04,Kralovehradecky,0.18866091869506885,103915,550803,38
2021-05-05,Kralovehradecky,0.18874443312763364,103961,550803,46
2021-05-06,Kralovehradecky,0.18878800587505878,103985,550803,24
2021-05-07,Kralovehradecky,0.18886062712076732,104025,550803,40
2021-05-08,Kralovehradecky,0.18888059796333717,104036,550803,11
2021-05-09,Kralovehradecky,0.18892235517961958,104059,550803,23
2021-05-10,Kralovehradecky,0.188951403677903,104075,550803,16
2021-05-11,Kralovehradecky,0.18900042301875625,104102,550803,27
2021-05-12,Kralovehradecky,0.18905307342189495,104131,550803,29
2021-05-13,Kralovehradecky,0.18911117041846176,104163,550803,32
2021-05-14,Kralovehradecky,0.18915292763474417,104186,550803,23
2021-05-15,Kralovehradecky,0.18917108294617133,104196,550803,10
2021-05-16,Kralovehradecky,0.18920013144445474,104212,550803,16
2021-05-17,Kralovehradecky,0.18924551972302256,104237,550803,25
2021-05-18,Kralovehradecky,0.18929817012616126,104266,550803,29
2021-05-19,Kralovehradecky,0.18931269437530296,104274,550803,8
2021-05-20,Kralovehradecky,0.18935082052929994,104295,550803,21
2021-05-21,Kralovehradecky,0.1893707913718698,104306,550803,11
2021-05-22,Kralovehradecky,0.18938894668329692,104316,550803,10
2021-05-23,Kralovehradecky,0.18940528646358135,104325,550803,9
2021-05-24,Kralovehradecky,0.18942162624386577,104334,550803,9
2021-05-25,Kralovehradecky,0.18944341261757833,104346,550803,12
2021-05-26,Kralovehradecky,0.1894670145224336,104359,550803,13
2021-05-27,Kralovehradecky,0.18948335430271804,104368,550803,9
2021-05-28,Kralovehradecky,0.1895069562075733,104381,550803,13
2021-05-29,Kralovehradecky,0.18950877173871603,104382,550803,1
2021-05-30,Kralovehradecky,0.18951421833214416,104385,550803,3
2021-05-31,Kralovehradecky,0.18952511151900045,104391,550803,6
2021-06-01,Kralovehradecky,0.18954326683042758,104401,550803,10
2021-06-02,Kralovehradecky,0.18955779107956927,104409,550803,8
2021-06-03,Kralovehradecky,0.189572315328711,104417,550803,8
2021-06-04,Kralovehradecky,0.18958502404671,104424,550803,7
2021-06-05,Kralovehradecky,0.18958865510899542,104426,550803,2
2021-06-06,Kralovehradecky,0.18958865510899542,104426,550803,0
2021-06-07,Kralovehradecky,0.18959228617128085,104428,550803,2
2021-06-08,Kralovehradecky,0.18959954829585168,104432,550803,4
2021-06-09,Kralovehradecky,0.18960499488927984,104435,550803,3
2021-06-10,Kralovehradecky,0.18960681042042254,104436,550803,1
2021-06-11,Kralovehradecky,0.18961225701385068,104439,550803,3
2021-06-12,Kralovehradecky,0.1896158880761361,104441,550803,2
2021-06-13,Kralovehradecky,0.1896158880761361,104441,550803,0
2021-06-14,Kralovehradecky,0.18962315020070697,104445,550803,4
2021-06-15,Kralovehradecky,0.18963041232527783,104449,550803,4
2021-06-16,Kralovehradecky,0.18963222785642053,104450,550803,1
2021-06-17,Kralovehradecky,0.18963585891870596,104452,550803,2
2021-03-19,Pardubicky,0.15675826613828664,81962,522856,0
2021-03-20,Pardubicky,0.15720963324509998,82198,522856,236
2021-03-21,Pardubicky,0.1574869562556421,82343,522856,145
2021-03-22,Pardubicky,0.1585178328258641,82882,522856,539
2021-03-23,Pardubicky,0.15987575929127715,83592,522856,710
2021-03-24,Pardubicky,0.16078040607739033,84065,522856,473
2021-03-25,Pardubicky,0.1617672934804229,84581,522856,516
2021-03-26,Pardubicky,0.1626011750845357,85017,522856,436
2021-03-27,Pardubicky,0.16285363465275335,85149,522856,132
2021-03-28,Pardubicky,0.16296456385697017,85207,522856,58
2021-03-29,Pardubicky,0.163767844301299,85627,522856,420
2021-03-30,Pardubicky,0.16479680829903454,86165,522856,538
2021-03-31,Pardubicky,0.1655809630184984,86575,522856,410
2021-04-01,Pardubicky,0.1664244074850437,87016,522856,441
2021-04-02,Pardubicky,0.16685473629450556,87241,522856,225
2021-04-03,Pardubicky,0.16712058387012868,87380,522856,139
2021-04-04,Pardubicky,0.16726785195158897,87457,522856,77
2021-04-05,Pardubicky,0.16744380862034672,87549,522856,92
2021-04-06,Pardubicky,0.16825856449959453,87975,522856,426
2021-04-07,Pardubicky,0.16912304726349128,88427,522856,452
2021-04-08,Pardubicky,0.16962605382744006,88690,522856,263
2021-04-09,Pardubicky,0.17023425187814617,89008,522856,318
2021-04-10,Pardubicky,0.17037195709717398,89080,522856,72
2021-04-11,Pardubicky,0.17044463485166086,89118,522856,38
2021-04-12,Pardubicky,0.17086731337117678,89339,522856,221
2021-04-13,Pardubicky,0.17155775203880227,89700,522856,361
2021-04-14,Pardubicky,0.17189818994139877,89878,522856,178
2021-04-15,Pardubicky,0.17221185182918433,90042,522856,164
2021-04-16,Pardubicky,0.17253890172437536,90213,522856,171
2021-04-17,Pardubicky,0.17268425723334915,90289,522856,76
2021-04-18,Pardubicky,0.17275502241534954,90326,522856,37
2021-04-19,Pardubicky,0.17312606147773,90520,522856,194
2021-04-20,Pardubicky,0.1734703245252995,90700,522856,180
2021-04-21,Pardubicky,0.17379928699297703,90872,522856,172
2021-04-22,Pardubicky,0.17398098137919427,90967,522856,95
2021-04-23,Pardubicky,0.1742372660923849,91101,522856,134
2021-04-24,Pardubicky,0.17429846841195282,91133,522856,32
2021-04-25,Pardubicky,0.17435010786908825,91160,522856,27
2021-04-26,Pardubicky,0.1746389063145493,91311,522856,151
2021-04-27,Pardubicky,0.1748626772954695,91428,522856,117
2021-04-28,Pardubicky,0.17502142081184877,91511,522856,83
2021-04-29,Pardubicky,0.17519546490812002,91602,522856,91
2021-04-30,Pardubicky,0.1753465581345533,91681,522856,79
2021-05-01,Pardubicky,0.17538480958428324,91701,522856,20
2021-05-02,Pardubicky,0.17541732331655369,91718,522856,17
2021-05-03,Pardubicky,0.1756793457472038,91855,522856,137
2021-05-04,Pardubicky,0.17580557553131262,91921,522856,66
2021-05-05,Pardubicky,0.17597961962758388,92012,522856,91
2021-05-06,Pardubicky,0.17607524825190873,92062,522856,50
2021-05-07,Pardubicky,0.1761727894487201,92113,522856,51
2021-05-08,Pardubicky,0.17620721575347706,92131,522856,18
2021-05-09,Pardubicky,0.1762397294857475,92148,522856,17
2021-05-10,Pardubicky,0.17635830897991034,92210,522856,62
2021-05-11,Pardubicky,0.17649218905396513,92280,522856,70
2021-05-12,Pardubicky,0.176595467968236,92334,522856,54
2021-05-13,Pardubicky,0.17668153373012838,92379,522856,45
2021-05-14,Pardubicky,0.17676377434704776,92422,522856,43
2021-05-15,Pardubicky,0.17676377434704776,92422,522856,0
2021-05-16,Pardubicky,0.17678481264439921,92433,522856,11
2021-05-17,Pardubicky,0.17687661612375108,92481,522856,48
2021-05-18,Pardubicky,0.17697606989304895,92533,522856,52
2021-05-19,Pardubicky,0.17702388420521137,92558,522856,25
2021-05-20,Pardubicky,0.17706213565494133,92578,522856,20
2021-05-21,Pardubicky,0.17710994996710375,92603,522856,25
2021-05-22,Pardubicky,0.17711568768456323,92606,522856,3
2021-05-23,Pardubicky,0.17711951282953625,92608,522856,2
2021-05-24,Pardubicky,0.17716158942423918,92630,522856,22
2021-05-25,Pardubicky,0.1772132288813746,92657,522856,27
2021-05-26,Pardubicky,0.17723235460623957,92667,522856,10
2021-05-27,Pardubicky,0.17725339290359104,92678,522856,11
2021-05-28,Pardubicky,0.17727060605596953,92687,522856,9
2021-05-29,Pardubicky,0.1772820814908885,92693,522856,6
2021-05-30,Pardubicky,0.177287819208348,92696,522856,3
2021-05-31,Pardubicky,0.17734328381045641,92725,522856,29
2021-06-01,Pardubicky,0.1773604969628349,92734,522856,9
2021-06-02,Pardubicky,0.17737962268769986,92744,522856,10
2021-06-03,Pardubicky,0.17740831127499732,92759,522856,15
2021-06-04,Pardubicky,0.17744082500726777,92776,522856,17
2021-06-05,Pardubicky,0.17744273757975426,92777,522856,1
2021-06-06,Pardubicky,0.17745038786970027,92781,522856,4
2021-06-07,Pardubicky,0.17747333873953822,92793,522856,12
2021-06-08,Pardubicky,0.17750011475434918,92807,522856,14
2021-06-09,Pardubicky,0.17751350276175468,92814,522856,7
2021-06-10,Pardubicky,0.17751350276175468,92814,522856,0
2021-06-11,Pardubicky,0.17751924047921416,92817,522856,3
2021-06-12,Pardubicky,0.17752497819667365,92820,522856,3
2021-06-13,Pardubicky,0.17752497819667365,92820,522856,0
2021-06-14,Pardubicky,0.17753645363159265,92826,522856,6
2021-06-15,Pardubicky,0.17754792906651162,92832,522856,6
2021-06-16,Pardubicky,0.1775536667839711,92835,522856,3
2021-06-17,Pardubicky,0.1775574919289441,92837,522856,2
2021-03-19,Vysocina,0.13160997696776272,66970,508852,0
2021-03-20,Vysocina,0.13234299953621093,67343,508852,373
2021-03-21,Vysocina,0.13248252930125065,67414,508852,71
2021-03-22,Vysocina,0.13315070000707474,67754,508852,340
2021-03-23,Vysocina,0.13426497291943434,68321,508852,567
2021-03-24,Vysocina,0.13523578565083758,68815,508852,494
2021-03-25,Vysocina,0.13612012923207534,69265,508852,450
2021-03-26,Vysocina,0.13720492402506032,69817,508852,552
2021-03-27,Vysocina,0.13777876474888573,70109,508852,292
2021-03-28,Vysocina,0.137902572850259,70172,508852,63
2021-03-29,Vysocina,0.1383467098488362,70398,508852,226
2021-03-30,Vysocina,0.13922515780619904,70845,508852,447
2021-03-31,Vysocina,0.1402038313694355,71343,508852,498
2021-04-01,Vysocina,0.1409997405925495,71748,508852,405
2021-04-02,Vysocina,0.1415441031970003,72025,508852,277
2021-04-03,Vysocina,0.14188604938174557,72199,508852,174
2021-04-04,Vysocina,0.14210418746511755,72310,508852,111
2021-04-05,Vysocina,0.14232429075644784,72422,508852,112
2021-04-06,Vysocina,0.14282541878581592,72677,508852,255
2021-04-07,Vysocina,0.14372744923867845,73136,508852,459
2021-04-08,Vysocina,0.14432487245800352,73440,508852,304
2021-04-09,Vysocina,0.14507558189807646,73822,508852,382
2021-04-10,Vysocina,0.14552364931257025,74050,508852,228
2021-04-11,Vysocina,0.1456022576309025,74090,508852,40
2021-04-12,Vysocina,0.14597761235093898,74281,508852,191
2021-04-13,Vysocina,0.14664185264084645,74619,508852,338
2021-04-14,Vysocina,0.14718621524529726,74896,508852,277
2021-04-15,Vysocina,0.14765393473937413,75134,508852,238
2021-04-16,Vysocina,0.14808038486632655,75351,508852,217
2021-04-17,Vysocina,0.14826511441440735,75445,508852,94
2021-04-18,Vysocina,0.14833586190090636,75481,508852,36
2021-04-19,Vysocina,0.1487072862050262,75670,508852,189
2021-04-20,Vysocina,0.14918876215481122,75915,508852,245
2021-04-21,Vysocina,0.1494678216848907,76057,508852,142
2021-04-22,Vysocina,0.14979601141392782,76224,508852,167
2021-04-23,Vysocina,0.15014778363846462,76403,508852,179
2021-04-24,Vysocina,0.15027748736371283,76469,508852,66
2021-04-25,Vysocina,0.15032268714675387,76492,508852,23
2021-04-26,Vysocina,0.1506469464598744,76657,508852,165
2021-04-27,Vysocina,0.15107536179478512,76875,508852,218
2021-04-28,Vysocina,0.15127974342244896,76979,508852,104
2021-04-29,Vysocina,0.1517061935494014,77196,508852,217
2021-04-30,Vysocina,0.15201080078293885,77351,508852,155
2021-05-01,Vysocina,0.15221125199468608,77453,508852,102
2021-05-02,Vysocina,0.15224269532201898,77469,508852,16
2021-05-03,Vysocina,0.15239794675072516,77548,508852,79
2021-05-04,Vysocina,0.15273989293547044,77722,508852,174
2021-05-05,Vysocina,0.15304253496104958,77876,508852,154
2021-05-06,Vysocina,0.15325477742054663,77984,508852,108
2021-05-07,Vysocina,0.15360851485304175,78164,508852,180
2021-05-08,Vysocina,0.1536910535872906,78206,508852,42
2021-05-09,Vysocina,0.15373625337033164,78229,508852,23
2021-05-10,Vysocina,0.15385809626374664,78291,508852,62
2021-05-11,Vysocina,0.15408999080282676,78409,508852,118
2021-05-12,Vysocina,0.1542334509837831,78482,508852,73
2021-05-13,Vysocina,0.15438870241248928,78561,508852,79
2021-05-14,Vysocina,0.15453609300936225,78636,508852,75
2021-05-15,Vysocina,0.1546186317436111,78678,508852,42
2021-05-16,Vysocina,0.15462649257544434,78682,508852,4
2021-05-17,Vysocina,0.15471689214152642,78728,508852,46
2021-05-18,Vysocina,0.15483087420310818,78786,508852,58
2021-05-19,Vysocina,0.15492127376919027,78832,508852,46
2021-05-20,Vysocina,0.15500774291935573,78876,508852,44
2021-05-21,Vysocina,0.1550942120695212,78920,508852,44
2021-05-22,Vysocina,0.15511386414910425,78930,508852,10
2021-05-23,Vysocina,0.1551236901888958,78935,508852,5
2021-05-24,Vysocina,0.15518068121968667,78964,508852,29
2021-05-25,Vysocina,0.15520819413110296,78978,508852,14
2021-05-26,Vysocina,0.15530252411310164,79026,508852,48
2021-05-27,Vysocina,0.15536737597572575,79059,508852,33
2021-05-28,Vysocina,0.1554204365906,79086,508852,27
2021-05-29,Vysocina,0.15543026263039156,79091,508852,5
2021-05-30,Vysocina,0.15543615825426646,79094,508852,3
2021-05-31,Vysocina,0.15547742762139088,79115,508852,21
2021-06-01,Vysocina,0.1555049405328072,79129,508852,14
2021-06-02,Vysocina,0.15552655782034855,79140,508852,11
2021-06-03,Vysocina,0.15555407073176483,79154,508852,14
2021-06-04,Vysocina,0.15558158364318111,79168,508852,14
2021-06-05,Vysocina,0.15558354885113942,79169,508852,1
2021-06-06,Vysocina,0.15558551405909773,79170,508852,1
2021-06-07,Vysocina,0.15561892259438895,79187,508852,17
2021-06-08,Vysocina,0.15566215716947168,79209,508852,22
2021-06-09,Vysocina,0.1556739484172215,79215,508852,6
2021-06-10,Vysocina,0.1557014613286378,79229,508852,14
2021-06-11,Vysocina,0.15572111340822087,79239,508852,10
2021-06-12,Vysocina,0.15572111340822087,79239,508852,0
2021-06-13,Vysocina,0.15572111340822087,79239,508852,0
2021-06-14,Vysocina,0.15573683507188732,79247,508852,8
2021-06-15,Vysocina,0.15575845235942867,79258,508852,11
2021-06-16,Vysocina,0.1557682783992202,79263,508852,5
2021-06-17,Vysocina,0.15577417402309512,79266,508852,3
2021-03-19,Jihomoravsky,0.1115276405535891,133312,1195327,0
2021-03-20,Jihomoravsky,0.1118505647408617,133698,1195327,386
2021-03-21,Jihomoravsky,0.11203545138694265,133919,1195327,221
2021-03-22,Jihomoravsky,0.11272731227521841,134746,1195327,827
2021-03-23,Jihomoravsky,0.11366011141721052,135861,1195327,1115
2021-03-24,Jihomoravsky,0.11435782844359745,136695,1195327,834
2021-03-25,Jihomoravsky,0.1151325118565882,137621,1195327,926
2021-03-26,Jihomoravsky,0.11570055725337083,138300,1195327,679
2021-03-27,Jihomoravsky,0.11608622577754873,138761,1195327,461
2021-03-28,Jihomoravsky,0.11623681218612146,138941,1195327,180
2021-03-29,Jihomoravsky,0.11689102647225404,139723,1195327,782
2021-03-30,Jihomoravsky,0.11769080762000692,140679,1195327,956
2021-03-31,Jihomoravsky,0.11840274669609237,141530,1195327,851
2021-04-01,Jihomoravsky,0.11899254346300217,142235,1195327,705
2021-04-02,Jihomoravsky,0.11932634333533837,142634,1195327,399
2021-04-03,Jihomoravsky,0.11947609315275234,142813,1195327,179
2021-04-04,Jihomoravsky,0.1196074379646741,142970,1195327,157
2021-04-05,Jihomoravsky,0.11968858730707162,143067,1195327,97
2021-04-06,Jihomoravsky,0.12018050290840916,143655,1195327,588
2021-04-07,Jihomoravsky,0.12089495175797083,144509,1195327,854
2021-04-08,Jihomoravsky,0.12132746938703802,145026,1195327,517
2021-04-09,Jihomoravsky,0.12175998701610521,145543,1195327,517
2021-04-10,Jihomoravsky,0.12194487366218616,145764,1195327,221
2021-04-11,Jihomoravsky,0.12202100345763126,145855,1195327,91
2021-04-12,Jihomoravsky,0.12232217627477669,146215,1195327,360
2021-04-13,Jihomoravsky,0.12278146482092347,146764,1195327,549
2021-04-14,Jihomoravsky,0.12307845468227523,147119,1195327,355
2021-04-15,Jihomoravsky,0.12338632022869056,147487,1195327,368
2021-04-16,Jihomoravsky,0.12361387302386712,147759,1195327,272
2021-04-17,Jihomoravsky,0.12377366193518594,147950,1195327,191
2021-04-18,Jihomoravsky,0.12382804036050386,148015,1195327,65
2021-04-19,Jihomoravsky,0.12417940864717353,148435,1195327,420
2021-04-20,Jihomoravsky,0.12456675035366892,148898,1195327,463
2021-04-21,Jihomoravsky,0.1248043422427503,149182,1195327,284
2021-04-22,Jihomoravsky,0.12510551505989576,149542,1195327,360
2021-04-23,Jihomoravsky,0.12531047989378638,149787,1195327,245
2021-04-24,Jihomoravsky,0.12540585128588244,149901,1195327,114
2021-04-25,Jihomoravsky,0.12555392792097894,150078,1195327,177
2021-04-26,Jihomoravsky,0.12579904913048898,150371,1195327,293
2021-04-27,Jihomoravsky,0.1261336855939839,150771,1195327,400
2021-04-28,Jihomoravsky,0.12633363088092212,151010,1195327,239
2021-04-29,Jihomoravsky,0.1265302298032254,151245,1195327,235
2021-04-30,Jihomoravsky,0.1267678216923068,151529,1195327,284
2021-05-01,Jihomoravsky,0.12686904922251402,151650,1195327,121
2021-05-02,Jihomoravsky,0.12692342764783193,151715,1195327,65
2021-05-03,Jihomoravsky,0.12709827520000802,151924,1195327,209
2021-05-04,Jihomoravsky,0.12735259891226416,152228,1195327,304
2021-05-05,Jihomoravsky,0.1275257732821228,152435,1195327,207
2021-05-06,Jihomoravsky,0.12768807196691784,152629,1195327,194
2021-05-07,Jihomoravsky,0.12785957315445898,152834,1195327,205
2021-05-08,Jihomoravsky,0.12793235658526914,152921,1195327,87
2021-05-09,Jihomoravsky,0.12799342773985695,152994,1195327,73
2021-05-10,Jihomoravsky,0.12813481164568358,153163,1195327,169
2021-05-11,Jihomoravsky,0.12832471783871693,153390,1195327,227
2021-05-12,Jihomoravsky,0.12845689924179743,153548,1195327,158
2021-05-13,Jihomoravsky,0.12856732927475076,153680,1195327,132
2021-05-14,Jihomoravsky,0.1286509883906245,153780,1195327,100
2021-05-15,Jihomoravsky,0.12873381091533947,153879,1195327,99
2021-05-16,Jihomoravsky,0.128783169793705,153938,1195327,59
2021-05-17,Jihomoravsky,0.12886850209189618,154040,1195327,102
2021-05-18,Jihomoravsky,0.12900904940656407,154208,1195327,168
2021-05-19,Jihomoravsky,0.12910274761634263,154320,1195327,112
2021-05-20,Jihomoravsky,0.1291529430858669,154380,1195327,60
2021-05-21,Jihomoravsky,0.12922488992551828,154466,1195327,86
2021-05-22,Jihomoravsky,0.12925166084259787,154498,1195327,32
2021-05-23,Jihomoravsky,0.12928428789778865,154537,1195327,39
2021-05-24,Jihomoravsky,0.12933615654963035,154599,1195327,62
2021-05-25,Jihomoravsky,0.12940057406885314,154676,1195327,77
2021-05-26,Jihomoravsky,0.12945327931185358,154739,1195327,63
2021-05-27,Jihomoravsky,0.12950849432833023,154805,1195327,66
2021-05-28,Jihomoravsky,0.12953275547193363,154834,1195327,29
2021-05-29,Jihomoravsky,0.12955534343321953,154861,1195327,27
2021-05-30,Jihomoravsky,0.12956287275364817,154870,1195327,9
2021-05-31,Jihomoravsky,0.1296130682231724,154930,1195327,60
2021-06-01,Jihomoravsky,0.1296465318695219,154970,1195327,40
2021-06-02,Jihomoravsky,0.12968417847166508,155015,1195327,45
2021-06-03,Jihomoravsky,0.12971094938874467,155047,1195327,32
2021-06-04,Jihomoravsky,0.12973772030582426,155079,1195327,32
2021-06-05,Jihomoravsky,0.1297519423555228,155096,1195327,17
2021-06-06,Jihomoravsky,0.12975612531131647,155101,1195327,5
2021-06-07,Jihomoravsky,0.12977369372564998,155122,1195327,21
2021-06-08,Jihomoravsky,0.12980381100736452,155158,1195327,36
2021-06-09,Jihomoravsky,0.12982054283053926,155178,1195327,20
2021-06-10,Jihomoravsky,0.129837274653714,155198,1195327,20
2021-06-11,Jihomoravsky,0.12985233329457127,155216,1195327,18
2021-06-12,Jihomoravsky,0.12986153579731738,155227,1195327,11
2021-06-13,Jihomoravsky,0.12986739193542854,155234,1195327,7
2021-06-14,Jihomoravsky,0.12987743102933338,155246,1195327,12
2021-06-15,Jihomoravsky,0.1298866335320795,155257,1195327,11
2021-06-16,Jihomoravsky,0.12989918239946058,155272,1195327,15
2021-06-17,Jihomoravsky,0.12990503853757174,155279,1195327,7
2021-03-19,Olomoucky,0.12675053368478817,79919,630522,0
2021-03-20,Olomoucky,0.12694561014524475,80042,630522,123
2021-03-21,Olomoucky,0.12717399234285243,80186,630522,144
2021-03-22,Olomoucky,0.1280780052083829,80756,630522,570
2021-03-23,Olomoucky,0.12906448942304946,81378,630522,622
2021-03-24,Olomoucky,0.12994312648884576,81932,630522,554
2021-03-25,Olomoucky,0.1305267698827321,82300,630522,368
2021-03-26,Olomoucky,0.1310660056270836,82640,630522,340
2021-03-27,Olomoucky,0.1313023177621082,82789,630522,149
2021-03-28,Olomoucky,0.13141650886091208,82861,630522,72
2021-03-29,Olomoucky,0.13258062367371798,83595,630522,734
2021-03-30,Olomoucky,0.13326577026654104,84027,630522,432
2021-03-31,Olomoucky,0.1339921525339322,84485,630522,458
2021-04-01,Olomoucky,0.1346852290641722,84922,630522,437
2021-04-02,Olomoucky,0.13504049026045087,85146,630522,224
2021-04-03,Olomoucky,0.13507855396005214,85170,630522,24
2021-04-04,Olomoucky,0.13520860493368986,85252,630522,82
2021-04-05,Olomoucky,0.13525459857070807,85281,630522,29
2021-04-06,Olomoucky,0.1359857388005494,85742,630522,461
2021-04-07,Olomoucky,0.13664550959363828,86158,630522,416
2021-04-08,Olomoucky,0.13743057339791476,86653,630522,495
2021-04-09,Olomoucky,0.13802849067915157,87030,630522,377
2021-04-10,Olomoucky,0.1381299938780883,87094,630522,64
2021-04-11,Olomoucky,0.13817598751510654,87123,630522,29
2021-04-12,Olomoucky,0.13881831244587817,87528,630522,405
2021-04-13,Olomoucky,0.13932582844056196,87848,630522,320
2021-04-14,Olomoucky,0.1398603062224633,88185,630522,337
2021-04-15,Olomoucky,0.14015529989437323,88371,630522,186
2021-04-16,Olomoucky,0.14057241460250397,88634,630522,263
2021-04-17,Olomoucky,0.14064537002673974,88680,630522,46
2021-04-18,Olomoucky,0.14071832545097554,88726,630522,46
2021-04-19,Olomoucky,0.14121949749572577,89042,630522,316
2021-04-20,Olomoucky,0.1416699179410076,89326,630522,284
2021-04-21,Olomoucky,0.1420188351873527,89546,630522,220
2021-04-22,Olomoucky,0.14227576515966137,89708,630522,162
2021-04-23,Olomoucky,0.14267226203050806,89958,630522,250
2021-04-24,Olomoucky,0.142749975417194,90007,630522,49
2021-04-25,Olomoucky,0.14279121109176207,90033,630522,26
2021-04-26,Olomoucky,0.14316867611280812,90271,630522,238
2021-04-27,Olomoucky,0.14353028125902031,90499,630522,228
2021-04-28,Olomoucky,0.14384589276821427,90698,630522,199
2021-04-29,Olomoucky,0.1440711029908552,90840,630522,142
2021-04-30,Olomoucky,0.14428045333866224,90972,630522,132
2021-05-01,Olomoucky,0.14432961895064725,91003,630522,31
2021-05-02,Olomoucky,0.1443930584499827,91043,630522,40
2021-05-03,Olomoucky,0.14467853619699234,91223,630522,180
2021-05-04,Olomoucky,0.14486409673254858,91340,630522,117
2021-05-05,Olomoucky,0.14504807128062144,91456,630522,116
2021-05-06,Olomoucky,0.14516543435439208,91530,630522,74
2021-05-07,Olomoucky,0.14527962545319592,91602,630522,72
2021-05-08,Olomoucky,0.14528914137809623,91608,630522,6
2021-05-09,Olomoucky,0.14533513501511447,91637,630522,29
2021-05-10,Olomoucky,0.14555558727530524,91776,630522,139
2021-05-11,Olomoucky,0.14570942806119375,91873,630522,97
2021-05-12,Olomoucky,0.14585692489714872,91966,630522,93
2021-05-13,Olomoucky,0.14596001408356885,92031,630522,65
2021-05-14,Olomoucky,0.14605517333257206,92091,630522,60
2021-05-15,Olomoucky,0.1460853070947564,92110,630522,19
2021-05-16,Olomoucky,0.14611861283190752,92131,630522,21
2021-05-17,Olomoucky,0.14628196954269637,92234,630522,103
2021-05-18,Olomoucky,0.14642470841620117,92324,630522,90
2021-05-19,Olomoucky,0.1465547593898389,92406,630522,82
2021-05-20,Olomoucky,0.14664198870142517,92461,630522,55
2021-05-21,Olomoucky,0.14671653011314434,92508,630522,47
2021-05-22,Olomoucky,0.1467371479504284,92521,630522,13
2021-05-23,Olomoucky,0.1467815555999632,92549,630522,28
2021-05-24,Olomoucky,0.14687671484896642,92609,630522,60
2021-05-25,Olomoucky,0.1469718740979696,92669,630522,60
2021-05-26,Olomoucky,0.1470702053219396,92731,630522,62
2021-05-27,Olomoucky,0.14712730087134152,92767,630522,36
2021-05-28,Olomoucky,0.14716219259597604,92789,630522,22
2021-05-29,Olomoucky,0.14719549833312714,92810,630522,21
2021-05-30,Olomoucky,0.1472145301829278,92822,630522,12
2021-05-31,Olomoucky,0.14727638369477988,92861,630522,39
2021-06-01,Olomoucky,0.14731444739438115,92885,630522,24
2021-06-02,Olomoucky,0.14734140918159874,92902,630522,17
2021-06-03,Olomoucky,0.14737312893126647,92922,630522,20
2021-06-04,Olomoucky,0.1473937467685505,92935,630522,13
2021-06-05,Olomoucky,0.14740960664338437,92945,630522,10
2021-06-06,Olomoucky,0.14741912256828468,92951,630522,6
2021-06-07,Olomoucky,0.14744449836801887,92967,630522,16
2021-06-08,Olomoucky,0.14747780410517,92988,630522,21
2021-06-09,Olomoucky,0.14750000792993742,93002,630522,14
2021-06-10,Olomoucky,0.1475126958298045,93010,630522,8
2021-06-11,Olomoucky,0.14753172767960515,93022,630522,12
2021-06-12,Olomoucky,0.14753489965457192,93024,630522,2
2021-06-13,Olomoucky,0.14754441557947226,93030,630522,6
2021-06-14,Olomoucky,0.14755868946682274,93039,630522,9
2021-06-15,Olomoucky,0.14756979137920642,93046,630522,7
2021-06-16,Olomoucky,0.14757613532914,93050,630522,4
2021-06-17,Olomoucky,0.14758247927907353,93054,630522,4
2021-03-19,Zlinsky,0.1336863643493835,77554,580119,0
2021-03-20,Zlinsky,0.1341673001573815,77833,580119,279
2021-03-21,Zlinsky,0.1343741542683484,77953,580119,120
2021-03-22,Zlinsky,0.134782691137508,78190,580119,237
2021-03-23,Zlinsky,0.13565837354060115,78698,580119,508
2021-03-24,Zlinsky,0.13639442941879165,79125,580119,427
2021-03-25,Zlinsky,0.13704257229982125,79501,580119,376
2021-03-26,Zlinsky,0.13763383030033494,79844,580119,343
2021-03-27,Zlinsky,0.13814579422497797,80141,580119,297
2021-03-28,Zlinsky,0.13838540023684795,80280,580119,139
2021-03-29,Zlinsky,0.1388611646920718,80556,580119,276
2021-03-30,Zlinsky,0.13980579846548724,81104,580119,548
2021-03-31,Zlinsky,0.14049703595296828,81505,580119,401
2021-04-01,Zlinsky,0.14136409943477113,82008,580119,503
2021-04-02,Zlinsky,0.1418071119890919,82265,580119,257
2021-04-03,Zlinsky,0.14210877423425194,82440,580119,175
2021-04-04,Zlinsky,0.14236734187296055,82590,580119,150
2021-04-05,Zlinsky,0.14254489165154047,82693,580119,103
2021-04-06,Zlinsky,0.14286723930779718,82880,580119,187
2021-04-07,Zlinsky,0.14373085522108395,83381,580119,501
2021-04-08,Zlinsky,0.1444203689243069,83781,580119,400
2021-04-09,Zlinsky,0.14494439933875636,84085,580119,304
2021-04-10,Zlinsky,0.14534948863939984,84320,580119,235
2021-04-11,Zlinsky,0.14549945786985083,84407,580119,87
2021-04-12,Zlinsky,0.14583042444739786,84599,580119,192
2021-04-13,Zlinsky,0.14653545220894335,85008,580119,409
2021-04-14,Zlinsky,0.14700259774287688,85279,580119,271
2021-04-15,Zlinsky,0.1474594005712621,85544,580119,265
2021-04-16,Zlinsky,0.1478972417728087,85798,580119,254
2021-04-17,Zlinsky,0.14823165591887183,85992,580119,194
2021-04-18,Zlinsky,0.1484143770502259,86098,580119,106
2021-04-19,Zlinsky,0.14877637174441796,86308,580119,210
2021-04-20,Zlinsky,0.14925558376815792,86586,580119,278
2021-04-21,Zlinsky,0.14985028933718772,86931,580119,345
2021-04-22,Zlinsky,0.15027951161744402,87180,580119,249
2021-04-23,Zlinsky,0.150669086859765,87406,580119,226
2021-04-24,Zlinsky,0.1509190355771833,87551,580119,145
2021-04-25,Zlinsky,0.1510810712974407,87645,580119,94
2021-04-26,Zlinsky,0.15137411462131045,87815,580119,170
2021-04-27,Zlinsky,0.15179988933305064,88062,580119,247
2021-04-28,Zlinsky,0.1521980834966619,88293,580119,231
2021-04-29,Zlinsky,0.15253939277975725,88491,580119,198
2021-04-30,Zlinsky,0.15279796041846586,88641,580119,150
2021-05-01,Zlinsky,0.15309962266362592,88816,580119,175
2021-05-02,Zlinsky,0.15311858429046454,88827,580119,11
2021-05-03,Zlinsky,0.15339266598749568,88986,580119,159
2021-05-04,Zlinsky,0.1537270801335588,89180,580119,194
2021-05-05,Zlinsky,0.15401322832039632,89346,580119,166
2021-05-06,Zlinsky,0.15423904405820185,89477,580119,131
2021-05-07,Zlinsky,0.1544028035627173,89572,580119,95
2021-05-08,Zlinsky,0.15458035334129722,89675,580119,103
2021-05-09,Zlinsky,0.15461482902645837,89695,580119,20
2021-05-10,Zlinsky,0.1547872074522641,89795,580119,100
2021-05-11,Zlinsky,0.15504405130671467,89944,580119,149
2021-05-12,Zlinsky,0.1552198773010365,90046,580119,102
2021-05-13,Zlinsky,0.1554301789805195,90168,580119,122
2021-05-14,Zlinsky,0.15554739631006742,90236,580119,68
2021-05-15,Zlinsky,0.1556646136396153,90304,580119,68
2021-05-16,Zlinsky,0.15567495634516365,90310,580119,6
2021-05-17,Zlinsky,0.15582147800709856,90395,580119,85
2021-05-18,Zlinsky,0.1559490380421948,90469,580119,74
2021-05-19,Zlinsky,0.15603695103935572,90520,580119,51
2021-05-20,Zlinsky,0.1561869202698067,90607,580119,87
2021-05-21,Zlinsky,0.15627483326696764,90658,580119,51
2021-05-22,Zlinsky,0.1563575749113544,90706,580119,48
2021-05-23,Zlinsky,0.1563661938326447,90711,580119,5
2021-05-24,Zlinsky,0.15647651602516036,90775,580119,64
2021-05-25,Zlinsky,0.1565920095704502,90842,580119,67
2021-05-26,Zlinsky,0.1566402755296758,90870,580119,28
2021-05-27,Zlinsky,0.15671267446851422,90912,580119,42
2021-05-28,Zlinsky,0.15679196854438485,90958,580119,46
2021-05-29,Zlinsky,0.1568436820721266,90988,580119,30
2021-05-30,Zlinsky,0.15685402477767493,90994,580119,6
2021-05-31,Zlinsky,0.15691435722670694,91029,580119,35
2021-06-01,Zlinsky,0.15701088914515815,91085,580119,56
2021-06-02,Zlinsky,0.1570729453784482,91121,580119,36
2021-06-03,Zlinsky,0.15711086863212548,91143,580119,22
2021-06-04,Zlinsky,0.15715223945431886,91167,580119,24
2021-06-05,Zlinsky,0.15716947729689942,91177,580119,10
2021-06-06,Zlinsky,0.15716947729689942,91177,580119,0
2021-06-07,Zlinsky,0.15720567676631864,91198,580119,21
2021-06-08,Zlinsky,0.15724532380425396,91221,580119,23
2021-06-09,Zlinsky,0.15727807570515703,91240,580119,19
2021-06-10,Zlinsky,0.15729703733199568,91251,580119,11
2021-06-11,Zlinsky,0.15730738003754402,91257,580119,6
2021-06-12,Zlinsky,0.15731944652735042,91264,580119,7
2021-06-13,Zlinsky,0.15731944652735042,91264,580119,0
2021-06-14,Zlinsky,0.15734013193844712,91276,580119,12
2021-06-15,Zlinsky,0.15735909356528574,91287,580119,11
2021-06-16,Zlinsky,0.15736771248657602,91292,580119,5
2021-06-17,Zlinsky,0.15737805519212436,91298,580119,6
2021-03-19,Moravskoslezsky,0.12815949243566163,152873,1192834,0
2021-03-20,Moravskoslezsky,0.12853674526380032,153323,1192834,450
2021-03-21,Moravskoslezsky,0.12872034164016116,153542,1192834,219
2021-03-22,Moravskoslezsky,0.12945808050407684,154422,1192834,880
2021-03-23,Moravskoslezsky,0.1303006118202533,155427,1192834,1005
2021-03-24,Moravskoslezsky,0.13102661392951576,156293,1192834,866
2021-03-25,Moravskoslezsky,0.1316654287184973,157055,1192834,762
2021-03-26,Moravskoslezsky,0.1322925067528256,157803,1192834,748
2021-03-27,Moravskoslezsky,0.1326890413921803,158276,1192834,473
2021-03-28,Moravskoslezsky,0.1328265290895464,158440,1192834,164
2021-03-29,Moravskoslezsky,0.1334670205577641,159204,1192834,764
2021-03-30,Moravskoslezsky,0.1342047594216798,160084,1192834,880
2021-03-31,Moravskoslezsky,0.13488549119156562,160896,1192834,812
2021-04-01,Moravskoslezsky,0.13553688107481845,161673,1192834,777
2021-04-02,Moravskoslezsky,0.1357623944320836,161942,1192834,269
2021-04-03,Moravskoslezsky,0.13599209948743915,162216,1192834,274
2021-04-04,Moravskoslezsky,0.13622515790126707,162494,1192834,278
2021-04-05,Moravskoslezsky,0.13633498039123634,162625,1192834,131
2021-04-06,Moravskoslezsky,0.13696205842556466,163373,1192834,748
2021-04-07,Moravskoslezsky,0.1375882981202749,164120,1192834,747
2021-04-08,Moravskoslezsky,0.1381516623436287,164792,1192834,672
2021-04-09,Moravskoslezsky,0.13862029419013877,165351,1192834,559
2021-04-10,Moravskoslezsky,0.13887263441518266,165652,1192834,301
2021-04-11,Moravskoslezsky,0.13895814505622744,165754,1192834,102
2021-04-12,Moravskoslezsky,0.13945695712898862,166349,1192834,595
2021-04-13,Moravskoslezsky,0.13995828422060405,166947,1192834,598
2021-04-14,Moravskoslezsky,0.1404227243690237,167501,1192834,554
2021-04-15,Moravskoslezsky,0.14076728195205704,167912,1192834,411
2021-04-16,Moravskoslezsky,0.1411227379501255,168336,1192834,424
2021-04-17,Moravskoslezsky,0.14129543591145122,168542,1192834,206
2021-04-18,Moravskoslezsky,0.14140945009951092,168678,1192834,136
2021-04-19,Moravskoslezsky,0.14178418790879535,169125,1192834,447
2021-04-20,Moravskoslezsky,0.1422058727366926,169628,1192834,503
2021-04-21,Moravskoslezsky,0.14251438171614828,169996,1192834,368
2021-04-22,Moravskoslezsky,0.14279941718629752,170336,1192834,340
2021-04-23,Moravskoslezsky,0.14307271590179355,170662,1192834,326
2021-04-24,Moravskoslezsky,0.14328146246669696,170911,1192834,249
2021-04-25,Moravskoslezsky,0.1433569130323247,171001,1192834,90
2021-04-26,Moravskoslezsky,0.1436260200497303,171322,1192834,321
2021-04-27,Moravskoslezsky,0.1440334531041201,171808,1192834,486
2021-04-28,Moravskoslezsky,0.14434699212128427,172182,1192834,374
2021-04-29,Moravskoslezsky,0.14453897189382597,172411,1192834,229
2021-04-30,Moravskoslezsky,0.14479634215657836,172718,1192834,307
2021-05-01,Moravskoslezsky,0.14493047649547214,172878,1192834,160
2021-05-02,Moravskoslezsky,0.14498748358950198,172946,1192834,68
2021-05-03,Moravskoslezsky,0.14525994396537992,173271,1192834,325
2021-05-04,Moravskoslezsky,0.1455542011713281,173622,1192834,351
2021-05-05,Moravskoslezsky,0.14578642124553795,173899,1192834,277
2021-05-06,Moravskoslezsky,0.145962472565336,174109,1192834,210
2021-05-07,Moravskoslezsky,0.1461594823755862,174344,1192834,235
2021-05-08,Moravskoslezsky,0.1462684665259374,174474,1192834,130
2021-05-09,Moravskoslezsky,0.14631457520493213,174529,1192834,55
2021-05-10,Moravskoslezsky,0.14656607709035793,174829,1192834,300
2021-05-11,Moravskoslezsky,0.1467781770137337,175082,1192834,253
2021-05-12,Moravskoslezsky,0.14691650305071788,175247,1192834,165
2021-05-13,Moravskoslezsky,0.14711938123829468,175489,1192834,242
2021-05-14,Moravskoslezsky,0.14726609067145974,175664,1192834,175
2021-05-15,Moravskoslezsky,0.14734573293517791,175759,1192834,95
2021-05-16,Moravskoslezsky,0.1473826198783737,175803,1192834,44
2021-05-17,Moravskoslezsky,0.14751759255688554,175964,1192834,161
2021-05-18,Moravskoslezsky,0.1476944822163017,176175,1192834,211
2021-05-19,Moravskoslezsky,0.14778586123467305,176284,1192834,109
2021-05-20,Moravskoslezsky,0.14788227029075296,176399,1192834,115
2021-05-21,Moravskoslezsky,0.14795017579981792,176480,1192834,81
2021-05-22,Moravskoslezsky,0.1480113745919382,176553,1192834,73
2021-05-23,Moravskoslezsky,0.1480340097616265,176580,1192834,27
2021-05-24,Moravskoslezsky,0.148136287195033,176702,1192834,122
2021-05-25,Moravskoslezsky,0.14821509111913309,176796,1192834,94
2021-05-26,Moravskoslezsky,0.14828299662819805,176877,1192834,81
2021-05-27,Moravskoslezsky,0.148350902137263,176958,1192834,81
2021-05-28,Moravskoslezsky,0.1483936574577854,177009,1192834,51
2021-05-29,Moravskoslezsky,0.1484129392690014,177032,1192834,23
2021-05-30,Moravskoslezsky,0.14843138274059928,177054,1192834,22
2021-05-31,Moravskoslezsky,0.14848838983462911,177122,1192834,68
2021-06-01,Moravskoslezsky,0.14855378032483985,177200,1192834,78
2021-06-02,Moravskoslezsky,0.14859485896612604,177249,1192834,49
2021-06-03,Moravskoslezsky,0.1486401293055027,177303,1192834,54
2021-06-04,Moravskoslezsky,0.1486745012298442,177344,1192834,41
2021-06-05,Moravskoslezsky,0.14868959134296977,177362,1192834,18
2021-06-06,Moravskoslezsky,0.14869797473915064,177372,1192834,10
2021-06-07,Moravskoslezsky,0.14873653836158257,177418,1192834,46
2021-06-08,Moravskoslezsky,0.1487658802482156,177453,1192834,35
2021-06-09,Moravskoslezsky,0.1487960604744667,177489,1192834,36
2021-06-10,Moravskoslezsky,0.14881198892721031,177508,1192834,19
2021-06-11,Moravskoslezsky,0.1488262407007178,177525,1192834,17
2021-06-12,Moravskoslezsky,0.14884049247422526,177542,1192834,17
2021-06-13,Moravskoslezsky,0.14884636085155184,177549,1192834,7
2021-06-14,Moravskoslezsky,0.14885977428544123,177565,1192834,16
2021-06-15,Moravskoslezsky,0.14887989443627528,177589,1192834,24
2021-06-16,Moravskoslezsky,0.1488916311909285,177603,1192834,14
2021-06-17,Moravskoslezsky,0.14891175134176257,177627,1192834,24
